
aga Aga AGA AGB AGC age -age agh AGI A.G.I. A.␣G.␣I. AGJ AGL AGM AGN ago AGO AGP AGs AGS Ags.
AGU AGW AIG Alg. ANG AOG APG arg ARG Arg. ATG Aug Aug. avg. AWG bag BGA cag CAG CGA dag DAG Ega 
EGA fag -fag GAA gab gac gad Gad GAD gaf gag GAG gah gak gal Gal GAL gal. Gal. gam Gam. gan Gan GaN GAN
Gao GAO gap GAP gar GAR gas Gas gat gau Gav gaw Gaw gay Gay Gaz GBA GDA G.␣E.␣A. gha GLA GMA GNA goa Goa
Goα GPA Gra GSA GTA GUA GWA hag Hag. HGA Iga IgA jag Jag JAG JGA lag LAG mag MAG Mag. nag NGA Pag PAG PGA rag RGA
sag SAG SGA tag TAG TGA UGA vag VGA wag WAG WGA XGA YAG zag
agami agamy Agana agane A-gang Agans agape Agard agars agasp agast agate agaty agave agayn 
A-gays agaze AGCAS agean Agees agend agene agent agers Agers agest ageth ag-gag aggat agger aggie Aggie aggri aggro aggry aghas Aghas a␣ghrá Aghul agida agile aging Agins agios agism agist agita agito aglee Agler aglet agley agloo aglow agmas agmts. agnel Agner Agnes Agnew agoes agoge agogo à␣gogo a␣go-go -agogy agoin' agone agons agony agood agora agree Agric. agrin agrom AGSMs Agtas agued agues aguey Aguly Aguon agush agust agyen ahigh ahing ahoge aiger aight a'ight Aigio aigre airag ajuga aking alang algae algæ algal Alger -algia Algic algid algin Algol ALGOL algos algum align almug Alogi alogy along AltGr Alt␣Gr AMGOT amiga amigo AMOGs among Angas angel Angel anger Angie angio angio- angle Angle -angle anglo Anglo anglo- Anglo- ang␣mo angon angor Angor angry angst Angus anigh anti-g aooga Apgar APGAR aping arage aragh areng argal argan argic argid Argie argil argol argon Argos argot Argot argue Argue argus Argus argyr- ARPGs aslug assig atgar ATGMs ATGWs Atong auger auget aught Augie augle augre augur Aungs avgas av-gas awing Awngi axing badge bagad Bagan Bagby bagel Bages baggs baggy baghs baglo bagsy bagua bague bag␣up Baigs baing Balog Bange Bangi Bangl. bangs bangy Barga barge Barge Bargo baugh Baugh beags bedag begab begad began begar begas Begas begat begay benga Berga betag bewag Bhaga bhang bigae bigam bigas bigha Blagg Blago blags blahg blarg blawg bogan Bogan Bogar Bragg brags brang buang bugan bulga cadge cadgy caged cager cages cagey Cagle cagot cagou CAGRs cangs cargo Cargo chaga chago chang Chang cigar Clagg clags clang CN␣gas coags Cogan Cogar conga Cragg Crago crags craig Craig crang CS␣gas Dabog Daegu Dagda dagen dagga dagge daggy Dagon Dagor dagos Dague Dagur dango dangs Dangs dargs Darug daugh dawgs DAWGs Daygo D-bags Deang De'ang debag degan Degar degas de-gay denga detag D.␣Guam diags ditag dogal dogan Dogan dogma donga do-rag DRAGN drags draug duang Dugan Dugar dugla durag Durga dwang Eagan Eagar Eagen eager Eager eagle Eagle eagre Edgar EDGAR egads egall e-gate Egean eggah eggar Egham e-gram Eguia Elgan Elgar Eliga engma ergal ergat- étage e-tags ex-gay FAANG fadge Fagan Fagen Fager Fages Faggs faggy fagin Fagin fagmo fagot Fagus fanga fango fangs fangy Farag Fargo faugh Fegan Flagg flags Flaig flang fogas FPGAs frags fuage fugal -fugal fugas Gaals Gaang Gabae Gabar Gabay gabba gabby Gabby gabel Gaber gabey gable Gable GABOB Gabon Gabor gabra Gacek gacha gâche gacks gadas gaddi Gadds Gaddy Gadea gades gadge gadic gadid gadis gadje gadso Gaede Gaels gaffa gaffe gaffs Gaffs gafia GAFIA gaged gager Gager gages gaggy Gagne Gagra Gahan Gaian gaida Gaier gaiji Gaika gaily gain'd gains Gains gaits gajda Gajda galah Galan galas Galaz galbe galbi galdr galea Galea galed Galen gales GALEX Galey galge Galka Gallo Gallo- galls gally galop galps galvo Gamas gamay Gamay gamba Gamba gambe gambo gambs gamed Gamel gamer games Games gamey Gamez gamic gamie gamin gamma gammy Gamon gampi gamps gamut Ganai Ganca Gäncä ganch Ganci Ganda Gandy ganef ganev Ganey ganga Ganga gange Gangi Gangl gangs ganif ganil ganja Ganja ganks ganna Ganns Ganoe ganof Ganos ganpi gansa 'ganst Gansu ganta ganté Gantt Gantz ganza ganzá ganzy gaohu gaols Gaona gaons Gaons GAOTU gaour gaped gaper gapes gapik Gappa gappy Garay garbo garbs GARCH garda Garda garde gards Garey Garge Garon Garos garri Garro Garrs Garry Garst garth Garth garua garum Garza Garzê Gasca gaser gases Gashi Gaspé gasps gaspt gaspy gassy gastr- gasts gas␣up gatah gatas gatch gated 'Gater gates Gates gatha Gatha gatho gatka gator gatra gatta Gatta gatti Gatti gauds gaudy Gauer gauge Gauge Gauls gault Gault gaums gaumy Gauna gaunt Gaunt gaups gaura gaurs gause Gause gauss Gauss Gauts gauze gauzy Gavar gavel Gaver gavid Gavin gavot Gavyn gawby gawds gawed Gawel gawfs gawks gawky gawms gawns gawps gawth gayal gaybo gayby gayed gayer Gayla gayle Gayle gayly gaymo gayne gay␣up gazal Gazan gazar Gazda gazed gazee gazel gazer gazes gazet gazid gazon gazoo Gazza gdnas geach geals geans Geans geare gears Geary geasa geats Geats geaux Gejia Gelao Gemas gemma Gemma genal GenAm Genao Genna genoa Genoa genta genua gerah Gerda gerra getas get␣at g-flat G-flat g␣flat G␣flat ghana Ghana ghani Ghani Ghans ghast ghats Ghats ghaus ghaut ghayn ghazi g'head ghiya Giana giant Giant GI␣can Gilan Gilas gilia ginas girah Girma girya gissa Givan Gizah gizza glacé glaci- glade Glade glads glady glaik glair glaky glams GLAMs gland glans glare glark glary glass Glass glatt Glatt glaum glaur glave glaze Glaze glazy glead gleam glean gleba glial Glina gloak gloam gloar gloat Glosa gluta- Gmail GMATs gmina gnaff Gnagy gnarl gnars gnash
kati Kati Kato kats Katy Katz keat keta khat Kita Kota Kuta kyat lact- lait lant LANT LART last lata Lata late LATE lath lati lats Latu leat LGAT LIAT Lita LITA lota maat Maat maft malt MALT mart Mart. mast Mast MAST mast- mate maté math math. matl Mat'l Mato matr- mats Mats matt Matt Matt. maty Matz may't MBTA MCAT M.C.A.T. meat meta Meta META meta- MLat MLAT moat mota Mota MTAs muta naat nait NAIT NAPT Nast Nata Nate Nath natl. Nat'l nato Nato NATO nats Nats -naut naut. NCTA neat nota NPTA oast -oate oath oats oaty octa octa- Oita Ōita okta OTAs otay outa pact Paet Pait pant Pant pant- part part. past PATA pate Pate pâté path -path path- pato patr- pats PATs patt patu Patz PCAT P.C.A.T. peat Peat Peta PETA peta- phat pita PITA plat POTA prat Ptah Ptak PTAL PTAs PTCA PTSA puta qats qhat quat RACT raft rant rapt rata rate rath Rati RATM rato Rato RATO rats RATs ratu Reta Rita Roat rota Rota RRAT RTAs RTFA SADT SAFT salt Salt SALT Sant sart SATA SATB sate saté sati Sati Sato sats SATs sawt scat seat SEAT seta shat Sita skat slat Sota SOTA spat stab STAB stag stam Stam stan Stan -stan stan' stap star Star stat -stat stau staw StAX stay Stay STCA stoa swat Swat SWAT S.W.A.T. taan taas TaaS Tabb tabi Tabo tabs Tabs tabu tace tach tack Tack taco TACS tact Tacy tada TADA ta-da tads TAED tael ta'en TAFE taff Taff tafs TAFs taft Taft Tagg tags TAGs taha Taha Ta-Ha taho tahr Taic taig tail Tail tain tais Tais tait Tait taka take takh taki tako Taku tala talc tale tali talk tall talo- tame Tame Tami tamp tams tana Tana tang Tang Tani tanj TANJ tank Tann tans Tans Tant Tanz. taos Taos tapa tape TAPI Tapp taps TAPs tapt tapu tara Tara ta-ra tard 'tard -tard tare tarm tarn Tarn taro Taro tarp Tarr tars tart Tart tase tash Tash task tass TASs TASS TAS's tast tata Tata ta-ta ta␣ta Tate tath Tati TATP tats Tats tatt TATT tatu Ta-tu Ta␣Tu taua Taub Taul taus taut taut- tava tavs tavy Tavy tawa Tawe tawk tawn taws taxa taxi taxi- taxo- Taya Taye Tayk tayo tays tazi T-bar TBAs TBSA T-Can TCAP TCAs TCAS T-Day TDMA tdna t-DNA tead teak teal Teal TEAl TEAL team Tean tear teas TEAs teat tela Tema Tena tepa tera- Tewa TFAE thaa Thad Thai Thai. thal Tham THAM than Than Thao thar Thar thas that thaw thay thaz Thea thia- tian Tian tiar TIAs TIAS tika tina Tina TINA Tisa TLAs TLPA TMAI toad Toal toas toat to␣a␣T toea toga Toga tola toma tona tosa tota -toxa- TPAP TPAs trad traf TRAF tram tran Tran trap TRAP Trat Trav trax tray T-ray trna tRNA Tsai Tsan Tsao tsar Tsat TSCA TSRA TTAB tuan tuba Tuba tufa Tula Tuma tuna Tupa Tusa Tuva tuya twas TWAs 'twas t'was twat tway tyan Tyan Tyap Tyva tzar UART UATP USAT usta Utah UTAH 
aced Aceh acer aces Aces ACEs acet- ache Ache Acle acme Acme ACME acne acre Acre aesc æsc akçe alec Alec ALEC ance -ance APEC ASCE bace Cabe cade Cade -cade Caen cafe CAFE café cage Cage cake cale came cane Cane CanE cape Cape care Care -care case Case CASE cate Cate cave Cave caze Ceas ceca CEDA cega Ceja Cena Cera CERA CETA Chae Chea Crea dace deca- each EACU ECAC ecad e-car ECMA eMac EMAC EPCA esca ESCA evac face HACE Jace lace mace Mace Mače Nace pace Pace PACE PECA race Race race- SCEA tace Wace

	